0,3çÁòNéB«ˆ?C%½*æªùØë=ÉÂYK)ub8xƒR-JŞW¼¼Q23V$¯›sU.”÷�)±P¹´úIêÊÒ ]±h:C@i¬¨m23†	±1ò g€/#İºÊ¸2
1,R…�n© l!°R/«iâ-Ö&6µ�ª|Ò~ÇşØÒV­�®8fì™÷fŞgpù\äğD„¤œ
2,TúS<¸r+frCˆ*r·İjõÜ)s å%SCçôô¬ç@ÉècIÂ—�çøIı�ò£‚ædà*àîUğ(2#ºgt!·˜j¦RñD?#fœ¡ĞÕ%˜…n:ëVÔ1£KMO5G¢dÜ<
3,¼¦Ç>ÓÂâš©�‚¯œvƒi­í¯;awÖ·¼ÄÁØô\½vËÕ¸=¯
4,¡Şæá¡œnq�U†mó+Ê�¥z5=“NVÂò±DAškš*.(Öª×½ó3·�t_ïã^‘ñ
5,*æ¬l^]ÁÅ&¦–ì-íë™O±¯Ø�V
6,ØH)ÖÖ!ş6)À�®kÉpHBUvviÅÜQ@QJùXq�DGhÀÆbƒûu¨‚>•p;a*‚~€«4mmóÊ-ÎEÒ•/°Î®c–'¸(·:E§™lá&�g2˜'+­tóÊn”;¿*&å/H•rÿÏTÑç	\¬EÚ!Üä
7,Œt¾¶.TÂ¡
8,å	
9,{.¹Lí€h�ëXx
10,"A÷Éæ¿ ‡ú¿Í9KÃ¤5L}jŸÆHP8�T""Ùƒ²d¢ïbÕâì²$YAÈDTI\™[±ä�°¾®�"
11,"V*m$µ05{ÒÔ†Ñ²q›¤ ¡ï/ˆ¤\áa-‹""©ùÒÖ^¡eM-ßqÁí±ÇÂHë{¥"
12,"² d®·(*ÙàqGßîÜ**¹8æĞzµG?É!÷ÎH��M–ìœ×ÅY/""�{úO{¹³HC–€ä–•Ã*ÇOÇ(+¨ÎáhXºê½7ô„ñlé¶Ú”Ğ"
13,ÿ
14,<_jyÙ�†ÍéZËóÅV^l{ºXt×‡Ïşùæ×/îÿß…ıü%ü÷ÿµ8ÿ+aÿïş_?ÿõM¸ÃqV÷>ÜıöÅı«á³«G›õöşÃ¿~>>B?½¹û÷Çìßûôêo?Üıq÷úÓ]03Ü¿ŸĞ¿½ÿ�Øğëğ«E¸èÇ±A¼è«×ŸŞüëîñİ|qÿëmxÈÿÏh&üÏ`àáÉBş¿“µ§ã3ıòÃ½_ï~{õÏ?>}ÿşß_İ½ùûïŸ‚Ùõƒu˜k|X>ûõ¿Oî>¾Oi0ı`/ûúıááß÷Ş¾	l.~ûê?ãÿûÍ¯Ÿ~İ·¶Ûõb»ÜÜ¿÷úŸ?½û³ã¨¦şãØ�¼úôê¯Ÿxÿï{á±	“ıøç«HÂá³e lÑ~0Û^
15,Á
16,[¢»Ù‚�l™ûl±6.[òÉ1[
17,£ß«ıôC�¸™Œ1[òË3[rŒÙrš^`ËpØ®Ã�.}kÖ’F}œ~_cË4'‡-|zØBw?[&Û¶L`‰-ÁF•-9ÆlÉ1fK�1[rŒÙ’cÌ–c¶$·WØİØÍlÜ`ËdØeËu>pfBad»ô³'�ßLÆ˜	ùå™	9ÆL8
18,½¾ç0·®¹Ò1ı¾¶ç˜æäğ'İ·çB5Fa0Hë•Á	-–ƒ™zm0¥8˜ƒRÌA)æ ÔsP
19,¦*ùûõbÊ©I@*WòÁ€¬ë¼Zşy’ÓÖh³]ñßÛô8r‰ïh€m�èov`Z³�O7¤“i³*úƒ[Ò7´¸=òŠú¡_–O`í¤WÖ‡�²=ò
20,ûĞShä•öm–õíÑ¬â~GÆ¹Öö¨§¼oŒ*LGEéøiPQºß‘“nÌŒÄ)¯´^—8ÕQÜOs[ñ�T—sÍú¾Üˆ�Äô0«ÂZ{É…Tã/è�ó0×øãÎÙ8fOJr!…=9(É¯È’äB^å/é�µ˜î	�¹
21,"¢²�óÔØUr Ğ*Nìİ_Æ¡Ö�:�İ·�ó25Ú„•cò/WAË¿&""\Ã…i‘Ã!ˆêM•ÉT+k	À‚¬ä<5Áy–©æ³[pÍ'=­İ�£µ²�ùÛËĞ]"")fi"
22,Bk/ÕUÑL=Ñíé
23,˜¢Ğ¨ 1ØìFœ
24,"ánlP±<•˜—ˆ•ëjoÅXúÛhª«)5 û×¹!ŠE×şÉ\µÁP—È‹X€JÄT"" ±@ ©@%bå¨ì™ «D¬†î ºcFÄ¢Â¸¯<°»àKà~¬h1ü}ax»ĞÊÑè‡Y­olxBºÜŸ+ú£÷Sz²RåzI÷êg˜ô_3"
25,+r÷�8$Nm§n›ar†á@jğs6íğ·y
26,P‰n9ª		@…C�@&¤Ñ
27,…è¦ò/º‘B¢İ
28,¨&$š
29,‰‘5s5}ñtİ‡‡æ
30,èşu–šf	–¹ Ai”ÎjPíxèX×ëHny
31, äõ@¯€û
32,z
33,�ò�’§ÈA¡Q~ZCA;Íö¿˜N­[çñ
34,r|µİ$ÿÍp�Ğ¨ {H$
35,ˆ
36,§<ıvå”�y¢z:İèõnıµnèÌ¶ŸL‡áKdRiÃö¬X%Jİ˜=Ş�‰L�´á<�ºØ.µ¡û}´ß×	æI�D—(V³”
37,"¡uF""Î{ZLî)qçd�&8P�nÖ—Ğ—Ë_á•%0�]!Q�J`‚A	‰Òm¿Âp�¼÷èu!Qí”jİ"
38,"¢¬Œ°ÉVe­£c»�¢Ö¾¬ÕLû²V½ĞD…ûİ""½­ÎÉ³'<ñ4`^x’k$*²Ö4INm"
39,"¨ÉZÍ“O.ÑH¬fi$Bk/""�5äÓÇÑÌ™'\‰ET""RŞW·J€ÊVÉÕH ]‰H�FºêV	5‘Š‰jDÂÖ­ˆT:ó�|úÒnd#""åªéÂ)x§ÌåíÌ�P-· !)…jôˆÒÁCi’ü¡­£Õ�Ô=Œ¬™[EZÍ=„Ö^H:B¨ò>	/¢JÄ§ˆJH‚¾’<ÑÃ3¼²„$è+!)×5NÂÛ’°ØŞI*kĞ“ğ`nÂ•5ì—ö"
40,Ã—
41,KÃ;'Â‰V?Ìj}cÃZåÎ–“òÒ³^'Üm¶‹í�îóÏÙ¤�×	S+z†~Aoğû„ÖË¨G³¿º²é{Ô»DW±�¥«­�*–¡%]E4S¯b!Ê9C@%gˆ(çñÊ¬«@T¢œ§«@³åºŠÑëİº
42,Õ ¯P
43,„œ&Ä+Ÿ*_.T¾\h“�ØTøráèXbSáË…ÔÌÿr¡ÙDQ¿†aA
44,ïQ–fğ¿`¶{ø{Ÿ|�B5�Â¾.Ú³A	Õ<…ø_¨–+$j{{Zê|´ÑT÷>M‰ß‘®OÛlfI$Bkoïs>¾‚�ÌÇÑŒ³÷T¨¨P-Gå«íhWö>Ğ—ì~}uï“k$J{ÕlK{lÖØû”¾¸!{Ÿ|RBÕîü½i®
45,Ùí‚ädµ–ƒBù˜Æ~EC¼5£Ÿ6s4 º÷™¦æÅ¢K4
46,"‘@!DT¢‘'t€	‰¢ÎüT'’Ê<""‘ÒÁÏä™m¿ª”¹U%˜£°M§°Ÿ>›[út®Ù“�•»X˜æIÎ³¬+êÒÓÊ/"
47,¨R­)qY“Ë‰»ò
48,³$[÷3†–8
49,J¨æi%À¼P
50,?Ò…Øy?¸Tî
51,Q®Q*L
52,güÌÕŒßèõîµnÔ¨Ì¶ŸñK�ÜŒ8@¨¦ª‰İôVÒøjeüÌ�PÍSM€y¡Z®š
53,¨F¬ij�.QUìg©*BëŒFôÜ>24Òˆ|ú8š9'Î©ãDY|„(‹�eñ¢4ªgˆÒÃô
54,"£�xØ¦j|cæ„&�""¬M:ÎvHÏ�öhÀmx"
55,*…ÓQòi>³'üğT
56,`^øÑñyŠäXÖh
57,"0‚Ğª""ì{š*òu_yu?K¥Z{Y¶ôyŠğáNè�£™z]ÈS)@OÉ²å=%Ëæ©à²²óT"
58,æƒz–m–Jaô–­G¥`ôU
59,0¡Qa
60,ŸAŠsâ³}Jq›5âLác[‰3ù°… :ªıæôC¾½±Û-qÆÓÀ½”8ƒß‰Ø;ı’]ÉçÈ
61,'±èÚ%4òD`^hÔ!HwaÁi3ª4jŠä�ôlg³D¡µS
62,5´$s‹fêÕPDeµ}eµ(WCáÊR
63,E”sÏ€
64,ÓÜ£ÌÕjèèõn™µnÈÜÌ¶_
65,"M�Üj(8@¨V8Šápú®%WCÍ�PÍ€y¡Z.<¨TCÍèfI��Ôª¡æo/b]""<8Ì„Ö�>ÇĞ’>'š©ësåj(¢\"
66,"7fOÈä	À¼D$ìøtúÛÓ')îìëk}áÇÜíEœ|_´³	±¹S+Jp)àŒ–ªâ7Dyã‚(ÇDyã‚(GD9ì ÊY€4Ûjà™œÛ}87o„�dŞÏœZ¹õWœ(Óª<�íŞìáÒQ2ÉÄB#¦ejádÃÿ_6ôœÜ¦VòıÖÔBUš¡C/½;=Á*láÃÕ?_½X‡Ï–!""şgX¿zıÙ¯ÿ}r÷ñõİ»@ˆÅƒhõõ½_Ü¿ŠÍ�"
67,Ô™_dM.©ª‰¦;Ğ-'âæ
68,=Q2ï
69,pnŞ¬ü�n(¬şz>01š>i�N:�p
70,ÉZÓÍ× äI)Ğ²¥�¯K$Ã«µfü29EqÑ7MÌ
71,"Zf¾!WJ­ü”¸Aé¥r‹ıfg/e°Ìû&|y¢B/WnCPzår‹ÊùÉğJ>Õ—�ê–Ê\ïòë""¹Å0Onš;ï¼ÇèÅGáEÌyë�`©Wao~ï�zK½"
72,zk½
73,âŒın}°YßM�òÇgÀ=Pşt|
74,ãôxiñØîÁÄ}í1ùÔåÏEâŒa�8#4w3‰�8#Zr2‰®8új&Ñg@_]ßå}5ô¸âs†³¾SQƒ»¾›'Î0ó­õ�©™Ä|¢Ê¯‚8c“Ş(ÖÆdQéåj3à6)½z´é~ğÛÒ!‡1u¯/ïÚÚŒ‘(ó·Oó´ƒ{�Å`pyû”Ëtû”£º¸ËQ¥W�êÒd	¬}
75,#>“^é•£º}ÊU›‚¶0^¼ÿ|±è½GZ$g·èeÚ�½ò‰*½t�öÉ�åWnDs„9ªü:IPê'�%�¬U½aCªó«­Ş�»Ó·}š§Ş|õ†Áe~¹ê�ĞÓKO¸ê
76,võ“˜Æ©Î ÏIš�åíèñ¼F÷)}
77,‰óÉ²†³‡@ƒPnDùã*$ìš§ãÿÊü™æºá/ºşä
78,‰BòÎn�ËŸ‹Ëy
79,/“�Í[›0=CN•™Œ|
80,Ê —¬(À†îÁò(}zöğÉ'BËN·(œ=N?¬6\ú\$ XÎP„æîÌPDKÎÌP@_]#º
81,n‹
82,"æÈÏ©yëì@3ß8;¼«ô)¨(ÂîÅ~4CXQQ€�N¹•>¹Š""œË^<;0=}kåOşÕ��àÈŸ¶Š‚üŞ™!\ÍSQ„æÙê�¼ğh08fé9{±3ôì%„¥‚…°l�–ÍÂäŞg84áv–½“Íy"
83,?¥³—F÷×€š·Î^2ó˜¢�³—`ÂŸÂ½ï˜I	?`Dø¨ğç<� £¨}× ¹zO÷è˜¼êéK6C/ş�zù3OF±ÊeœC	üI2ŠÂéìóVwËê`=&aYİáÅeu‡°¼ã°Ò+Ÿ—�În.©¯îâÕg¬î¨ykugæİÕİËtßïø‚”„:�ırszÓ�3€60%aîN%¡+Ã8OÖH¸]±^ç6Íu¹•2—u¯¾ãk®wIx‘c5O†š{@ƒ‹Z¦hÉ‘a ¬AÌ—a`o
84,) LAùS�aÔßñ0‹JW…#ĞF_)ª0ÌğzG&Ck¨0Ì¥.}.Ra¬æ©0Bó3}tepq-�«Xäü'Â²‡BXöPË
85,aÙC¬A
86,zÈüaÅkıƒT€ş0¤ŠšÀü	*ŠzüÉ�&…7©©¢õ!�ü9¥¢¸�©(¬¸Ú�r¸ªRJ–Ú;P€rô¥B¼¢êrì)ërè)Q=%J;PŞÛ¶
87,"„yâ§õŞéöÕd«��ë)Bñ��Â­wä|ĞCfë)�sóÀ¡[äø$åĞfÏ9Eşøø<¼#M9…»TÒç”œâ6&§°âj»×áªœ""Yjo÷Êó?)§€º<ÿ“r"
88,¨Ë±GÊ)¼·bşÇ2u#ú:;Íºó?~‹ãÆ{#;—¾€˜^Ü�×cZZi‰­]L/©¦€0½J5Esú·Z.¤–u'´§[%½N©)ncj
89,"+.é%ÔÉ’ —TS@]^^I5Ôåå•TS@]^^õÔ«s�«)Bñ.½ø¢‰½¼TgyUº�éUÑ\\m2»ıãìECsŞäÉŸÔ\ø‡÷Ş3®Ş©”¿Î(±´_Gsá®—ü:¥¹¸�i.¬¸Ú4v¸z""1Y›Æóìjóì`�ıL›Æ`›cT¦McïsûDâêâã›Æ¡xoÓØÍË‰Ÿ¦\jyÚ¢Ç6¸n�û—™¶Ê‚�† ğ·Ù˜§Ç0SgÇü6VÜ’ñ®×Á\£-É Qá�ëïj‹ı/»î÷�Â~}÷}"
90,#k¬ƒ[*œ’†}©F­£IÃ1©ÆMK5®³NK5¬jAJf�–j`mf�–j@mfTfÖõ¤é×ãÇz›óœ+˜³”û˜TÃ]Ş9=¼†‰µñ©ÒÄå>ûCTá¯”ñ©Vü™Uï”¢wıÎ�s¥g¯aÌ�P^±E¨¿ç©óvò|™.—yº…ß1Ú¹Ø#î“şcíÈ;Äk/Œ•-ˆûAÆÂSZ�Û˜ÄŠË¹æ×—rå6>ÌJíØ‘8°¶b�¨Ü”—re]�kJ�ü2Ï5AæQy}guîÀ\Õİ¹fMæºoñM
91,"İ‰í¡›:ÀùÌŸŠæE\ìæóGjJ 	ÌÒ”TîtsÃm�;Ğ�[ö%%a”nİ=Æ$%V\†'ßú¯m�'K""<•(“4ñŞQøe¦B(«Y¢Ìœåğ´õVì°bC†§(nèd5ß÷RXúşeéûÙN~…îÛ|QjJÖáÓŞçûhKøÈ-ğ44%`„*RSâ¿iQVíø‡/�²U<¡ş2Ú~›÷P�S¢’Ç˜¨ÄŠKæQI²$˜#E%P—£�•@]�9RTu™9=QÉêÜ�ı€1Q‰�EobwHTåÀ„"
92,[o¯yŸÎägÍ½a˜¤¨šÀ�éˆ¨Ä
93,IÔåÕ�”A@]^
94,"ŠS‡óı…nz¡ä¹Í÷€Ü©’@§®Æx�	""¬¸Jî9\İ™J–Draš¸!L7„)¹0'÷¦�)€9<Á•”Üs—´“{ëß™"
95,ê2ÁÊº”�ğŞ¶õ|«s�g'Bñ�^ÖÍwô|ĞAfNEX!�ƒt“<ı“Â
96,hG¯ ¬¨êùòw÷ÓcN!¬¨�äp§JæœV¼Æ„V\†/!¬H–TøÒÂ
97,¬ÍáK+ v%|�6‚ÃW	3»´°Â=&ÂËÔŞÔ:`Ç÷¦Ü|/|åë-ìJR;'?7Â—”_„†¥ãT¯wôŠÙ›D6ô0T¾¤şbï¬
98,"_ùHGÚ9À¾4""ÓÑà˜4â¥¥WŸ46lçÏ�¤sjs`ÎjiØfşhi„÷¹-�H¿> �Å{Ò7/¥Ÿl6à¤ç2M»ºıqŸù2$ğ³¬Ö�ö“Æn’Y&ĞfÙûj"
99,¡ Ø=ï¨v¤ùš±»^F©S
100,KÂ»‹Ÿ¨B9r…ù<�é¬¸ŒAù…
101,»W&n1%K*Ì1`�A%\‰AP›cÔæTÂ•T
102,*�n>îÓ�åz“78Ğªúóú›o¯3q*‡œ“[–àe‹)
103,�-G
104,ü7;“7ïk”qŠ·5l½†]š¼õ^$o Íz�	&-pp¸¾k¤¥
105,Vµ¸¢™³ZÚ€µ9k ¥
106,X›‰µ9mĞ“6¤ŸÙ5Ââ½]£CÒè!ó§ÒÀçãöò”5hhÀóGjüËéğÇ/y†7ş÷CÜâ9ìÄŸ­‡râvJÛ0�i¬¸ÌºíÚ<å�6Ÿ°M
107,Ù“rÌ€9ë0ó`Îº•0gİ 2Ó§”6T³n¬	P'l×ÙÃT7ëV{B#Ì{-ş”}`şTZøxù!¥JÖm3ÉÉ©Z€&pÖ­T-4³nY¡Áü)®‰¸Æëõúª…à÷ƒñgS-Xqµ+äpu×5Yjï
108,"æ}^€9Uè�noW­>>�*å:©B7ÛÙ®‚¶s¬«$Ä>¯›äX'ĞæU)�˜^÷ê1�ìâ'ãp¤¹Ïë>•Ä9%�˜ÇV\g®ƒRÉ’""ÀL€™8%\!Ôfâ@mJBË+Ä)o”¨åØW!îÔ÷ˆS»I""|XÅÊ®1qX q¿¿¥y¤ÌóÑ'�Ïïh†§‰R""á¿Zd	ù�¶d }x|"
109,×�6s¶.JæœRHÌc
110,"İazIİÄŞ�=&…‘°Ãf˜ÅâøŒ.Ì”lÛj%�>láEeéBó�ÛÍ­¸Iûƒ¼*·ÍyÛ75Dlû""Ì!	jsH˜CR	3} 2‡¤R5Q"
111,"Z�ğAZúd×j0	Ë½z^Ø•('OJ”v%Ê©�Zà""ä§ÔâıO¬DyaWª4ª;Ö@¨‹gS[ŠM€îÂ�/·¨¼1åCÒËêK-GhX:£õ´3Hş/xÍøÕ¸|Íü’Z�Ü�•_–�¬^ìœ¿NÖB9Ò^Øõµ4:ÇvcZ�+h9Â_.ã×®å ¥¡aJiˆ0)"
112,"f¥!Â¤4Ä'¥!Â¼°“Z4ÍAµ¬4Lõ”†¡xOiè#""•†äòİ“à·³‚×Ëãzçì¥T|TúaBÉ÷&eWŠp'“P*>öÎ"
113,MÓÔa
114,h“0+ªÂ$7¼Ä³Ù	AXÁ
115,xw½$á)aÅ2&¬°âjçÊáêÎU²$v®¦�+„iç
116,"&À‰w‚`ÂdXq‘û5u""}vºl7¦™jsw©ä"
117,ºàhæbL0±€`‚N;\çM¹aN¾VSløÊi¿².ó¦D™7%Ê‹«eŞ”Ï’ÔN§fÜŠwy³™ïìHù�tNƒƒ™]AÅûí¬kø+gÓº† Œp\’‚ŠÜ
118,"'ªüA%DÒó<°x�?|F�?R±~8ÿ|	AŸ<½+�0¤""Â³Ã÷ô%ü}°´B¡ˆ¨®‹úŠˆà„£ó»1EÄR*""âÑÉvÎËAŸaj]T¢¼.Á­‹@ï¯»<¿+ëòü®Dy~WT}ÉôÈü.îÍkAŸ;»7¿Û/®Š#pÇ'îÇsOÛ…�ÙâSC8F˜_R8±wVœ×È…âÁNãW¡œ¨®ŸúÊ‰0˜ùuSNXq•wp¸º~J–Úy@‰_€Òú	PZ?Jü”ø(ñË{ÛÎ;¬Î=�wÅ{ë'7ßáW.¥ÏCAG‰_•~¼¦KVÌ¿|™İ$Å/0Bü”Ò{g¿ò€\è@‡#Íõ“÷PÍÿhtåõîcÊ"
119,/7’y8ÒÌĞ»ë%¿NÉ<c2+^dJ‚>Ø—ùNq_ä»„
120,#L§†¦S�sÄÛá/æO3Ö&ÁÂáÃø9ÕN>i_³úøøe0¡xçÔ£[GÕ{ø<m¾V:€ùSÑ]0kjøif�T[ì�j‹\ˆµî�4Ï
121,-jı¸µoØô†1¿J#¾¤Ğbï¬
122,å=T$Œ³ó8$¡˜Ç$V|'áFğÃÍáê]’dIdÂ@˜Â´BD˜v`“˜Y
123,"§»$Şçv&Œeˆ�ß%	Å{wIÜ|'ô�ùS‘zˆ—�İ$óGJ$ 	Ìzj¤ò2pj’±;Ğ¼Kâc*ésJ!1�)$¬¸Zı9\U %KíÕ LP!ÄÕÔeê”u™9%ÊÌ)QZıyoÛ‡QËà_ı…â=…Ÿ›ïì®r)½»‚!dzUaXBæåŠpåª–›dzI�4�éu$Fîë;L•¹§B$QúĞK~�IÌc""	+.×ˆ+\_#–'éW^#ÌkD€y�0¯ACA2ö4ûi¯K˜9•y�˜çl}DäşÓm™��5b8Ó¿Ş¿º\nÏÙøcÿ…qûcúõ%6XÊØc"
124,"-a~I-ÈŞYqX�½I¡èHó0ÍgJòë”dÓ‚Xq¥Pt¸ªPL–„BaR(""L"
125,ßbV†/i»¯µ‡’9§Ô ï15ˆ—Ìñ“v“kÒU±dI0äÄP\Dµü23§¬ËËC©ô€_æåa��EèQ¹*¶îÀò0J	:ÌÙ´ûñÖƒ´öĞfK8ŞBkïÓÏÌ‘h3§”p´´önøQñ9kõ6sú�0MO�ßc+¾3çÖ_Ly°�_®1‹Ú×	Û™3‘�
126,jWöF¥vâ=Å×ÌA±æàYİa¹ŞŞh“šYŞ•]câTÔÛYmğÛŞh5ÉÄ‘j>&NPCTØºaz'ÌÂq…Â\*îØ’cZ{(‰sJ
127,:†l2z4™ƒhô<E7²�aŠÎıs.ô
128,µ¿l@ãİ�ÜAáxxØ�È¦Ë�Œ!—ÄYá:qÊóéèw–vìñºp„(§üe&N‰2qJ”‰S¢LœÎ»ëà'��Ës <zG´•’2!`¦W%©Åô�‡l’é¥
129,"c*áN“°N4Iè$""ÉQnRK¬—‡^’0"
130,V�-5‡„ÓE¾6’áúR³<;ç¥f‰ò
131,tAr”¬¡¿�ŞQ^j–u™`%ÊKMHkÁ’£Åt8¶b½X¼»G«¤µ ÉvŸ™ÃÊ	!ÖËóËÌ)Ç‰÷hJ5‘ÓşL´µæûwÃêi¯!×Jæœ‘M˜ l
132,	¯�„n|H¿–¼[�9å±93„
133,"´I+QŞ¤•(oÒJ”™£Ëèl.—™¹(jÌa9‚dN<¸ïlÒ*¹(""s~ÉS¢_øÆ�2¿¸ó{»ËÁ›´º¬�0¿”¬bëÆÂ¯†¤o+4Ç»ˆiókí¡ä×YÅt’U¤â2ÒÎE±XÑÃòĞ�=S‰2¿J”ù’"
134,Ço›Cñ.¿6}ƒÈo±´aû³ÆÌ©µ°-öùeæH™Ì3§”iX4±–&X1>c¿µv›8k¥c:¥Ò¸�©4¬¸tL9½'†™’%á˜¤Jê2q¤Jê2q¤Jê2qz*�ep~Q- ÏÂ|.z¿üøˆÊË‰“Ãôªh9æ�^a‹ô)ıXúH˜^RËcÍôÚ$)jcå…�$Eô&µùÕ×r„É<¸Ór\K-¥�1
135,ÿÍ-âw}½âcbŸ·ï*¬:Ì/Aê‹ğĞÎ�SËlè¥_:¥Ñ¸�i4¬¸’ğ:\=CN–„„aæ
136,¼[êC»ò˜n=Æ«Ì>ËL•D›À[«I4¶ÏëæÀ¼S©¹ˆ>Ó±›D#ÂÑ­Õ˜æâ
137,�zNÎÜÕßÍ÷&y@<Ì ­Ú’ñN`Ï‹äÓù£ôSBÜJ%ÄFğÃäpU¾n˜È	�ª0i�¦3'„é´a:u˜é-#ùº÷¹-_O¿ãá¯M¾¤Ÿ—�(�Ïl±¡é>ß�“9„w˜?æ!ïÈ×¡‡Lná¼	âé¨yŸ†ÒŒ°÷)‡‘ù¹-ê9¡³á/Û¼Iî~BúJ‡0MGù3¦t¸i¥ƒÃU¥ƒaâÀPfOY—É#•ğËL©t€ºt`ë½m+‰Rõ¥C(ŞS:¸ùÎ�m.¥•zĞQæ÷ã=m)œØ?­	û'©‡€&0¿J=DK©—'$.nly×DøĞËåİ)AÄmLaÅÕÁ“ÃÕ˜w²$�æmÔæmÀtğ?Î1o„éà	`v_¥iNàäCÒ�y/3püà)ï<¹ùÎÁS.¥�`˜„¬šx_¶“'ŠM¸I&¡TM@˜„¥j¢•;&÷õª	×êÍĞ¸½$aÔ´:xº�©&¬¸
138,hx|UäÇ<$yö
139,"?âT	!§E¨˜""�}}E˜�£‘Æ1}Å­ÔWTˆ³¾¢v@\°WˆæHÀ	Ñú"
140,kvq8ÍÄZ_µ+Ä¥¾¢òºÏ”ê‘®‡réºOEï€X
141,S
142,\„Ù�Amöc õ S.üqÚ`Ìwƒæ
143,lˆBñŞ†ÈÍwâå¹”–ÓÂ2¿jıØ2^�\İM²’j
144,~IÑE¥*àà
145,ï­Øƒ�i*–¹8®©pó½5â¡„0Ì/îÇ¼ó‹c
146,åa''•{g—Øúûõ
147,"İ…ºÅ�ÈÖ™İ…½$á)İÅ}LwaÅÜ‰mÓÄs""ÉÒNÂPõ›TµÍÑoÌÛ4¨ÍÛ4€ÃÄÛ6"
148,œó
149,ä0ØÆŸ†–Œ°“Z�½y‘XyÕÛñÕGškDRIŸSR�Ç˜”ÃŠË5â
150,äñÎü2¯ÙÊº¼d+Q¦N‰r<¡—dbÜ�xB<n×w>|.zñO¼Ğ9¬•bˆJ?ì•î|PÄçD
151,"Å{*""7ß9!‚.0sXš ™Ó�&€fN9óÌœRšĞ"
152,"a{_W‘;Òt9>¨’9§¤	Ï1i‚—Ì�u$K‚9�„"">Öu™9e]fN‰2sJ”™S¢ÌœŞcËà0'��ë%�ÏEgI—Ké%0ó«""]�¸IöLåh2¿¤taï¬XÒy¡k\s|™iókí¡ä×)íÂsL»`Å%¿„v!Yü’Ú¨Ëü’Ú¨Ëü*ë2¿¤vÁCx¦1íÂ2Çµn¾ç™Ê.0s¸…ód.qÕ†“2ÜM2s¤vf€=SĞ.<.ï¨Öû<åï.^’6ætÄ>¨’9§ÄÏ1ñ‚—Ìâ…dI0GŠ .3GŠ .3GŠ .{¦�xaÜÏ4&^ğ¹èy¦Câè(ó«""^¸g×�llÏ´šd~Iñ4�ùuD¼à†ï¬ªs¤í™úâ…0™G÷Lcâ…'$˜É?Xr¡_}ÏT�pÓ¬Õª:@™_ lˆ	\ .ó«¬Ë�©D™_ej‰Z—dz �K(Şİ3mÇş–3è�rÍwNxİgæTZøŞ˜ö®ÆœÆS`„×tå(2s‚z¡šğ<Xo�6@n‰0¿–[ÂUz¦Sò…ç˜|ÁŠ«;WïT$KâNÂ¦ƒÚ¦˜îTÀ�ó�"
153,„éNÀÌ®Ò4ç–ğ!iß©Xfàø�ŠP¼w§ÂÍË;'è!Ó‹Õ
154,Ï=ó%½Äá&Ù1Iu4�éEê†y
155,í´…ŸœÁ²­ûV yYÂÇT²ë”ºá9¦n°âê�Öáê!m²$i¦CZ„é�a:¤E8LËÀLh8ÒzŸWúÔi—!>~HŠ÷iİ|ç�zÈôa‘Ãüzo§´ñ�ÖM2}¤ÈšÀôÙ´â�6÷µ²®ƒ´a
156,"“wZ{(ùsJäğ9Xq%®s¸*®K–„¸a�†Cm^ÚÌQ=€yqWÂÌ¨Lâ:ïs[\·ñqq](Ş×¹ù�¸F—ùÃ"";„ÍêÔğ×ÈVw"
157,½A+Ç�IXÑh¼ò+$ñ‰9(%0ÖÌÁR¢ÑzÔ×
158,"+S´Â‡¤}š¼ÌÀqY|(Ş;Mvó�Óä\JŸ&COÉ‰Uúñ§Énòyy…ñşËvˆ‡€RÔpïï–-�³z!ûLc–&Gš'ÊŞIÅÃ8A�CQÃyLÕaÅ•s¸±H–„C˜""“C˜ÖŠ“˜‰"
159,".­ÁóG¦ÄØ»!À¹ĞLë@Gš~ÌUòç”""cSdXqµÏr¸ºÏJ–ÚŠ@™=e]&O‰2wJ”©S¢L©ÈğŞ¶÷YËàWd„â=E†›ïì³r)½Ï‚ág~±""cŞ��ÑãWã50Âü*ÇšıS)É°äÏÕë“ùë|PÃ‘¦$Ã‡^òë”$c“dXñ‚_á[ş09\}"
160,'YÚO–BÕoRÕöÁó·Dø}€é‚şxøÃúC¨Mq@¬>Œs§WšÕ^ÃYÆ8Ğìö²‹ÂÓõ>ÇôC?/­)�š;¯áø�£
161,D˜x»'âc*=Î)
162,Ä<¦�°âJ‡äpõ²V²$´€“	`¾¬…0é�ğÇI‡„0Gö¤DMsdo±Ùc-à2Ç/k…â=’ÏHç²V.¥uHĞS&!+$„É-2eVh;¯2+FK‡´
163,G%@=Á:$yÉÁSê‰yL=aÅåª/«'n—ğ1šó*�ÌéôP^õ�¼�V} �ˆéšà—yÕWÖå¨D‰òª¯”MÔÒ5-ƒ;•ˆç÷�U_E>Ó5ı’†=ÍXçô‰éÅ‹×3?Ñ/Ú®j5Éü*G“}\‰2¿Ê´ÍÅ¡~œ6Ã›Ô^®=”ü:¥®˜ÇÔV\©“®^I–„:	a^Bm^–0«“ğÇyqµ9*úŒğÙXT¢|¤ö¨Î2ÆÔI¡\oqè²‰â¾ÿ�Õ��3q*²	‘áÖ{ÊÄ‘²	hgë†Zºj'J™mWù2*‹Ãµ‡’8§dó˜lÂŠËã&!›H–Ôq“–M`m�˜kÙÖfï$eX™�›z²‰eˆ�›Æd>#½ã&)›¨´p�òÛÖ•ã¦†lŠ�”MìİPÇMşõñ
164,™aúH™ÃŞ
165,áwòPÇ×k�?k“š~ÇUòç”Ìá=&s°âÒïˆ—?’%áwJ”Ù#eğËÌ)s€ºL)sğÁ~‡åêi™‹ãÇHn¾#sÈ¥´Ì†�ùU“9˜~hıG7šÜ$»§r4™_Ræ°wV¹'ÿ:ìŸV¤Pğ¡—ü:%sx�É¬¸
166,(8\
167,pÜãü
168,"˜E^Cn�UŞn-ô¸‡i¶EäŠ´½İÚCÉ¯SªŠë˜ªÂŠK~µŸŞ¸'Kb÷U¢¼û‚äÄ¯e~�(""F7 UÌ¯².ó«ÔSTù…çõ‹¯}Ax¡‘Eä¦G�üòR:ºÃÀüâ~ØãL9ºAzxÿH˜_R|M`~•â‹V”Ş"
169,`Ş§�mŞ§Ì>¬„™„`š}X/—Æ<Ûsi„âİ}Ú3	E¡©
170,‰äì'Á´¹ÂNFŸ I«]¢�ó˜(ÄŠKZeQH%u~²$hª¢¨6ıw{ö»< Z•(ÓJ
171,"áÌ!|„)„�?N!|„Ù/I¥šf¿”S³Ì/STtôólá‡â½¾ÏH'O.u‘:zè)“�õ Ë*ÔJâ&Ù{•ƒÍ$”z�µ³""�²¿wqqèHóš§½$á.=È4¦±â’„\'!è&è2KjÈÊQ&a	WH0“~œI0“°„ÙÅ�i&a�³&	YGa9ó›)±æ	[9Û%áS""Ñ¾jır‚ÁgzqoO¹b|Â|Üb’é%•Ğ^–J�9]Èıfâu6ÏÛÍÅ�ĞƒO¼|L%»v	=¦1¡‡—‹C!ôH–ÄâP"
172,= ./¥ĞêòâP
173,y‡«
174,ùP¼§�wó…<ô�ùSQQ¬LÂ_[²5q€æ�”S¬İ
175,¨Ë~Ij) ./ëzZŠyp–u(YèFËki1èŞ¾ÏXç¬:ÊÎ‹µ�ósñÇ‡Q�¼`„é%µ¹R«ä…¦‰Îzi/şúZŠ0™¯OcZ
176,+^ğ+Œìg“ÃÕŒ’¥5^ª¾HUÛ!÷/Æïß˜ğe€ÃßÕ¯>¯?8|_çN·0šÇ8Ğìt³<çãt?†Æ~;›+.{t0ò!ÇÅ_ğŞ¯“Z‰JcÚO[ò5ğÓÌ©�X¯�p]FÁïBxõ%^y·Èû%½Ò.…ÄeL!aÅÕ–Éáê–)Y[&„iË„09&„iË„0¹&€)Ê�•iËä}no™æ!Ş¾e
177,Å{[&7ßÙ2AÈëTZ¨.»IZÔ�â rX»!¶L^Èâˆ1XçHóR±÷Pñ'ÂF¯sÓ@Xqåu®z�dIx„Ã'şÅ„0y„Éë L^aò:“×ñN·½Î<ÆÛ½N(Şñ:n½ãu ÌVB°×qCÌ™Ê3kü=—õ©Éû9´îušúôÍ™‹&Öú{´ˆ®CùHJÖìÒ?\ÆôV\í…®*‡’¥ö^Pö9 �ˆ!n¨Ë§¬ËGjà—i/ä½m+‡æÁİ¾
178,Å{ŠV7ßIb‘Ké$0LÂŠ´á±æÁ�‘<7É$”Òh“�¤
179,•H�>Åëºoìæüq7…¯>ô’„»´
180,`ŞRÌ[*€yK0o©JÄ•Î¿™{Ó°ˆ@Ş<%+İz[*~ãä|§@>Ó‡U[šú9S˜£OCF8$!Uş›öW@„ô¼Ğ%JòÌ;y�Œ9×DmsµôPòg—
181,Ãô2•Zg�IXÑ[˜Ó¼ø¿xÔë
182,PâÎÚ
183,"¹'K""Ú‡0mœ¦�Âí˜CîSÈ`æ`Ù/NQæCÒ¹Ï3°=äŠ÷Ò¦»ùN´zÈôbÅuMñBÁt7Éô*Šé%Uk7Äò0u°üÆ^àš¿Úf>tSÉ®]""Šû˜ˆÂŠì"
184,óğÙäp5SE²´î®‚y‘ªpàÇs¦
185,¨Ëü’Š
186,¨Ëüê)*Rõ�L¡x—_›2Q@˜9•ŞŸÃ‡¯Üb
187,Õ¡.{¦².3§DyQW¢ÌœòA�KE¨>î€gŠ§÷úìÊç¢sù‡™SQM¨�B#»aæHÕÄÚ
188,"åsòwGr#¯Ş�š/=”ÌÙ¥š¸�©&¬¸’9\•%KBn„0GÍ¡6GÍA÷À{""¨Mr#°Ír#€Ynä�nË�æ1Ş 7"
189,"Ÿ~fN9Š±“ÿÍ§†!½¦†Ú"""
190,b”(»±åEb/ÕD2= t
191,ló§”PØmöiºÄäO¯Ÿ__… ¥…
192,•£;Ê>�Õ÷Ëíº<ãÓëê
193,ÂÌAwD
194,"U’¦†j™�ÍªX¼£¡Êæ¥†Ê""öJ·Qká-?Ÿã°Õáò‰0»”l[ÀŞ‹d|g+¦×€Ÿ€ı:V�SÌı“äBéÊÖó®!Õ†É.µóÊ/8ÉRªÚ–ö""Êá¥ÚÀºì¼”jë2q”j#†8©6æ¶”Ï•êwê³ùŞâĞå�ÅaÙQv^Ü�Çñ™ş/8u£W]µ�cÍÎK©6ŠÎ¶yNHeq¨ÉC/ù…ƒ°‘_Ç1Õ†WçaWÏÃ’%q†0�‡!LçaÓyÂt†0�‡!LçaŞéöyØ<ÆÛÏÃBñÎy˜[ïœ‡Aˆ?•ŞışÌ5*h_]Ü""y'°Aô”¼ÓÚ‹vB¦løLïd¤yæTô	c°•>crŒ£Ìxqq¸zf˜pO€’{”b€’{”öV€’{”öVŞÛ¶{JÕ·‹"
195,Óè•Å{çan¾ã�r)í� £L¯Z?�96É=¹Iæ—”k@˜_¥êdÍŸ-��»ì×ùû{PìÂ›ÔŒ]øĞK~í’kÇäV\í­®î­’%±·B˜öVÓŞ
196,aÚ[Ì{+„io0s°ì½¯sñ!iï­æØ¾·
197,Å{{+7¯ï§äFZÂòÉ¢ �Sõ~J*ÕNë4£á�Éc�o„	5'·|ILB)ú€&0	á�úı”ç„<Â_â7iİOÉ=”$Ü%ú8�‰>¬¸
198, :\wrå‘?�I§v¬�D@ÙÉIÑÔe''EP—�\��FŞŒË<¸Ûˆ¡x×É=u*€èSÒ	 BGÙÉUD—œ7�éµ´‹é%5Ğ¦×Í‡wuºQüĞ‘¶�ëf×ˆs¹u
199,l	‚½Ïí[•©şöRó@Å{‚`7/oUÊÆá?G›sêÂæó‹ß�7¾Õsq„F‘ 8L­Ø‘ñiùá{àê�øËS «±­�rLqÁ™Ø¶Ì˜ty»¤Ç1)‡Wò{‡«w˜“%q»afÔf¶Ìl˜ÙVÂO„ÊÌ¶2GM~?ñöÛ•¡x—mµLÁ¯Û¤V£ÒBûc};ù?\Ÿ{b
200,0ÂŞªl{«R¬Ñº]é†§óŞ'	K±ÄŸn��\d‰XNç­ŞjL­qÔj
201,Ö'ú�J§‡c°•7cÚ�“N¼ápõ4Ì0¡O”Cúe]s€0!dœ·Qé³BÆyDy—VÖ%}¢÷¶}–L\Å{ºy7ß9
202,ƒî3q*-ÌÂ[|È6]
203,ÈP¼»'Ûô$
204,jŸ)Eş8{/°ÍŞKê0Ğ4{¯R‡aIXıŒ]¬r0ïÕL‘Š÷R¤ùŒ »ÂèÚŞKê0j-|ÊÓãå3cWC�F˜]R�±vCè˜�__L@è€»¥ğ§Õ.�x¥[Ú¥Æ˜ÆÔV\…Ì®†Ì“%2G˜Ö†ÓÚ`™cm
205,™cm
206,‹óã/q¿²TƒÎ¤iı|è%¿vi!¦1-„—üZà:¿ÊsŠ7¤v¬Ş+>((;'ĞIÄ‹QP—ùUÖe×T¢Ì¯<­EæÁàW<”×ñŸ‹¿\kĞáWÙQæK&Ô£�Ş0ö_R2óÄü*%–ÏÃ²¬İÙù„ÄHŸù¯ióké¡ä×.ÉÄ4&™°â’_kN
207,—>Ÿ-‰€^jÈ
208,S@`è!L=üq
209,è!L=€Ù{•
210,ç7|Hòqôæ im3 Š÷zn^ô¾Ks3Z]n–wÂÒX�×kd#¡”\Túq?­)š¢bÉM²û*�0	¥äbílºb·°®ç(Ë±å¡ÂW’Ê:ÒŒûy%	wi.¦1Í…—î+?<Ryó;Yî«Dyû%5ğËì¾¤æê2Á¤æÂCl¿Æ4ó\¬tìº¯ç3í÷æŒ9eØ}UZø<Ç
211,ƒbP$-rhQvÒó†ZYDhRàn»Oß•„8rÒSoû3~Ò\ö¡è1“O±RËE©
